Variables,Percentages
fare_amount,10.051658679280512
pickup_latitude,1.9667641750171156
pickup_longitude,1.9605402377544034
dropoff_longitude,1.954316300491691
dropoff_latitude,1.9418684259662662
passenger_count,0.8277836559407481
pickup_datetime,0.0
